{
  "hash": "c4919565",
  "configHash": "2a2a0c2e",
  "lockfileHash": "d55c37c1",
  "browserHash": "5d2e41b3",
  "optimized": {
    "@angular/common": {
      "src": "../../../../../node_modules/@angular/common/fesm2022/common.mjs",
      "file": "@angular_common.js",
      "fileHash": "494bd7b9",
      "needsInterop": false
    },
    "@angular/common/http": {
      "src": "../../../../../node_modules/@angular/common/fesm2022/http.mjs",
      "file": "@angular_common_http.js",
      "fileHash": "1bc06d56",
      "needsInterop": false
    },
    "@angular/core": {
      "src": "../../../../../node_modules/@angular/core/fesm2022/core.mjs",
      "file": "@angular_core.js",
      "fileHash": "f3cc05e2",
      "needsInterop": false
    },
    "@angular/forms": {
      "src": "../../../../../node_modules/@angular/forms/fesm2022/forms.mjs",
      "file": "@angular_forms.js",
      "fileHash": "e381110e",
      "needsInterop": false
    },
    "@angular/platform-browser": {
      "src": "../../../../../node_modules/@angular/platform-browser/fesm2022/platform-browser.mjs",
      "file": "@angular_platform-browser.js",
      "fileHash": "51d07735",
      "needsInterop": false
    },
    "@angular/router": {
      "src": "../../../../../node_modules/@angular/router/fesm2022/router.mjs",
      "file": "@angular_router.js",
      "fileHash": "2ab26a7f",
      "needsInterop": false
    },
    "rxjs": {
      "src": "../../../../../node_modules/rxjs/dist/esm5/index.js",
      "file": "rxjs.js",
      "fileHash": "f8bbd1ad",
      "needsInterop": false
    }
  },
  "chunks": {
    "chunk-Y6VDGAZN": {
      "file": "chunk-Y6VDGAZN.js"
    },
    "chunk-2IRRX5HF": {
      "file": "chunk-2IRRX5HF.js"
    },
    "chunk-T76FZRMF": {
      "file": "chunk-T76FZRMF.js"
    },
    "chunk-6JJ7KVRE": {
      "file": "chunk-6JJ7KVRE.js"
    },
    "chunk-T4QU4GDF": {
      "file": "chunk-T4QU4GDF.js"
    }
  }
}